{
    "mean": [
        143.70879078806038,
        1.4944363303228043,
        0.8678346188611107,
        0.7632138383525648,
        0.9775832643539104,
        0.5825690217137265,
        38.57249647636137,
        22.27016612578658,
        38.57249647636137,
        -4.61155518445922e-14,
        75.685983488272,
        -16.302330350574792
    ],
    "scale": [
        73.49821805020113,
        0.7518551743361372,
        0.0321671740351384,
        0.008582462401399827,
        0.01376549787035784,
        0.013160679418239328,
        6.255580296433083,
        7.928542145071754,
        6.255580296433083,
        1.1247529638956909e-13,
        7.474911084713117,
        9.556314175019628
    ]
}