{
    "mean": [
        504.5003844472488,
        6.97566512923751,
        0.4725821454766704,
        0.2684995290472982,
        0.9462153318749927,
        0.07223317514495531,
        86.95379688512146,
        63.226978623335825,
        86.95379688512146,
        328.29811951844226,
        76.7532011128621,
        -23.726818261785642
    ],
    "scale": [
        257.0874723501751,
        3.3392471844168474,
        0.0906510459596926,
        0.01188183682493623,
        0.028645489499413233,
        0.006373697284356226,
        13.80444209279984,
        18.439437723637727,
        13.80444209279984,
        209.90129620743792,
        5.624631351533981,
        11.682120483723304
    ]
}